<node name="cvrfepp-eob-01">
	<lpm-parameters dbload-on-state-change="false" disconnect-timeout="2" disconnect-unit="minute" failover-sleep="1" failover-unit="minute" local-failover-detect-database="32" ps-period="5" ps-unit="second" report-period="5" report-unit="second" udp-port="30002" />
	<default-process-attribs active-start-only="false" alarm="true" allow-kill-by-name="true" critical-hb-offset="90" db-no="32" delay-post="0" delay-pre="0" failover-critical="false" force-core="false" heartbeat="true" heartbeat-to-db="false" heartbeat-to-pm="true" id="" kill-only="false" monitor="true" name="" no-active-start="false" params="" restart="true" restart-attempts="0" run-in-offline="false" run-only-if-site-enabled="false" run-only-if-site-offline="false" run-only-if-site-standby="false" running-hb-offset="180" runonce="false" start-class="2" startup-params="" stop-class="5" timeout="60" timeout-realarm-period="10" timeout-realarm-period-unit="minute" timeout-unit="second" />
	<default-processes>
		
		
		<process delay-post="120" delay-pre="2" name="failovermon" no-active-start="true" params="-h 32 -s 23" start-class="0" startup-params="-b -o -h 32 -s 23" stop-class="3" timeout="120" />
		
		
		<process name="osi_clientd" params="-h 32" start-class="1" stop-class="4" />
		<process name="osi_lockmon" params="-h 32" start-class="1" stop-class="4" />
		<process name="osi_softraid" params="-h 32 -s 97 -k" run-only-if-site-enabled="true" start-class="1" stop-class="4" timeout="120" />
		<process name="osi_softraid" params="-h 38 -s 98 -k -r softraid_site_cvrfepp-eob-01.rc" run-only-if-site-standby="true" start-class="1" stop-class="4" timeout="120" />
		
		<process name="osii_agent" no-active-start="true" params="-i 32 CC" start-class="1" stop-class="1" />
		<process db-no="38" name="osii_agent" no-active-start="true" params="-i 38 XFER" start-class="1" stop-class="1" />
		
		<process name="osii_snap" params="-t 32 --domain CC" start-class="1" stop-class="4" timeout="120" />
		<process name="osii_snap" params="-t 38 --domain XFER" start-class="1" stop-class="4" timeout="120" />
		
		
		<process heartbeat="false" name="objserver" no-active-start="true" params="-s 2" restart="false" stop-class="4" />
		<process heartbeat="false" name="objserver" no-active-start="true" params="-s 3" restart="false" stop-class="4" />
		<process heartbeat="false" name="objserver" no-active-start="true" params="-s 23" restart="false" stop-class="4" />
		<process heartbeat="false" name="objserver" no-active-start="true" params="-s 30" restart="false" stop-class="4" />
		<process heartbeat="false" name="objserver" no-active-start="true" params="-s 31" restart="false" stop-class="4" />
		<process heartbeat="false" name="sraidserver" no-active-start="true" params="-s 97" restart="false" stop-class="4" />
		<process heartbeat="false" name="sraidserver" no-active-start="true" params="-s 98" restart="false" stop-class="4" />
		
		<process name="fep_portmon" />
		<process name="fepcontrol" params="-s 47" />
		<process name="fepscan" params="-s 47" />
		<process name="fepservice" />
		<process db-no="38" name="osi_soe" params="-r" />
		<process db-no="32" name="openfep" params="9 -s 44" />
		<process db-no="32" name="openfep" params="17 -s 45" />
		<process db-no="32" name="openfep" params="18 -s 46" />
		<process db-no="32" name="openfep" params="66 -s 47" />
		<process db-no="32" name="openfep" params="67 -s 44" />
		<process db-no="32" name="openfep" params="74 -s 45" />
		<process db-no="32" name="openfep" params="86 -s 46" />
		<process db-no="32" name="fepipmgr" params="405-410 -s 40" timeout="120" />
		<process db-no="32" name="fepipmgr" params="411-420 -s 40" timeout="120" />
		<process db-no="32" name="fepipmgr" params="421-430 -s 40" timeout="120" />
		<process db-no="32" name="fepipmgr" params="431-440 -s 40" timeout="120" />
		<process db-no="32" name="fepipmgr" params="441-450 -s 40" timeout="120" />
		<process db-no="32" name="fepipmgr" params="451-460 -s 40" timeout="120" />
		<process db-no="32" name="fepipmgr" params="461-470 -s 40" timeout="120" />
		<process db-no="32" name="fepipmgr" params="471-480 -s 40" timeout="120" />
		<process db-no="32" name="fepipmgr" params="481-490 -s 40" timeout="120" />
		<process db-no="32" name="fepipmgr" params="491-500 -s 40" timeout="120" />
		<process db-no="32" name="fepipmgr" params="501-502 -s 40" timeout="120" />
		<process db-no="32" name="fepipmgr" params="510 -s 40" timeout="120" />
		<process db-no="32" name="fepipmgr" params="511-520 -s 40" timeout="120" />
		<process db-no="32" name="fepipmgr" params="521-530 -s 40" timeout="120" />
		<process db-no="32" name="fepipmgr" params="531-540 -s 40" timeout="120" />
		<process db-no="32" name="fepipmgr" params="541-550 -s 40" timeout="120" />
		<process db-no="32" name="fepipmgr" params="551-560 -s 40" timeout="120" />
		<process db-no="32" name="fepipmgr" params="561-570 -s 40" timeout="120" />
		<process db-no="32" name="fepipmgr" params="571-580 -s 40" timeout="120" />
		<process db-no="32" name="fepipmgr" params="581-590 -s 40" timeout="120" />
		<process db-no="32" name="fepipmgr" params="591-600 -s 40" timeout="120" />
		<process db-no="32" name="fepipmgr" params="601-610 -s 40" timeout="120" />
		<process db-no="32" name="fepipmgr" params="611-620 -s 40" timeout="120" />
		<process db-no="32" name="fepipmgr" params="621-630 -s 40" timeout="120" />
		<process db-no="32" name="fepipmgr" params="631-632 -s 40" timeout="120" />
		<process db-no="32" name="fepipmgr" params="636 -s 40" timeout="120" />
		<process db-no="32" name="fepipmgr" params="640 -s 40" timeout="120" />
		<process db-no="32" name="fepipmgr" params="641-650 -s 40" timeout="120" />
		<process db-no="32" name="fepipmgr" params="651-660 -s 40" timeout="120" />
		<process db-no="32" name="fepipmgr" params="661-670 -s 40" timeout="120" />
		<process db-no="32" name="fepipmgr" params="671-680 -s 40" timeout="120" />
		<process db-no="32" name="fepipmgr" params="681-690 -s 40" timeout="120" />
		<process db-no="32" name="fepipmgr" params="691-700 -s 40" timeout="120" />
		<process db-no="32" name="fepipmgr" params="701-710 -s 40" timeout="120" />
		<process db-no="32" name="fepipmgr" params="711-720 -s 40" timeout="120" />
		<process db-no="32" name="fepipmgr" params="721-730 -s 40" timeout="120" />
		<process db-no="32" name="fepipmgr" params="731-740 -s 40" timeout="120" />
		<process db-no="32" name="fepipmgr" params="741-750 -s 40" timeout="120" />
		<process db-no="32" name="fepipmgr" params="751-760 -s 40" timeout="120" />
		<process db-no="32" name="fepipmgr" params="761-770 -s 40" timeout="120" />
		<process db-no="32" name="fepipmgr" params="771-780 -s 40" timeout="120" />
		<process db-no="32" name="fepipmgr" params="781-790 -s 41" timeout="120" />
		<process db-no="32" name="fepipmgr" params="791-800 -s 41" timeout="120" />
		<process db-no="32" name="fepipmgr" params="801-810 -s 41" timeout="120" />
		<process db-no="32" name="fepipmgr" params="811-820 -s 41" timeout="120" />
		<process db-no="32" name="fepipmgr" params="821-830 -s 41" timeout="120" />
		<process db-no="32" name="fepipmgr" params="831-840 -s 41" timeout="120" />
		<process db-no="32" name="fepipmgr" params="841-850 -s 41" timeout="120" />
		<process db-no="32" name="fepipmgr" params="851-860 -s 41" timeout="120" />
		<process db-no="32" name="fepipmgr" params="861-870 -s 41" timeout="120" />
		<process db-no="32" name="fepipmgr" params="871-880 -s 41" timeout="120" />
		<process db-no="32" name="fepipmgr" params="881-890 -s 41" timeout="120" />
		<process db-no="32" name="fepipmgr" params="891-900 -s 41" timeout="120" />
		<process db-no="32" name="fepipmgr" params="901-910 -s 41" timeout="120" />
		<process db-no="32" name="fepipmgr" params="911-920 -s 41" timeout="120" />
		<process db-no="32" name="fepipmgr" params="921-925 -s 41" timeout="120" />
		<process db-no="32" name="fepipmgr" params="929 -s 41" timeout="120" />
		<process db-no="32" name="fepipmgr" params="932 -s 41" timeout="120" />
		<process db-no="32" name="fepipmgr" params="936-940 -s 41" timeout="120" />
		<process db-no="32" name="fepipmgr" params="941-950 -s 41" timeout="120" />
		<process db-no="32" name="fepipmgr" params="951-960 -s 41" timeout="120" />
		<process db-no="32" name="fepipmgr" params="961-970 -s 41" timeout="120" />
		<process db-no="32" name="fepipmgr" params="971-980 -s 41" timeout="120" />
		<process db-no="32" name="fepipmgr" params="981-990 -s 41" timeout="120" />
		<process db-no="32" name="fepipmgr" params="991-1000 -s 41" timeout="120" />
		<process db-no="32" name="fepipmgr" params="1001-1010 -s 41" timeout="120" />
		<process db-no="32" name="fepipmgr" params="1011-1020 -s 41" timeout="120" />
		<process db-no="32" name="fepipmgr" params="1021-1030 -s 41" timeout="120" />
		<process db-no="32" name="fepipmgr" params="1031-1040 -s 41" timeout="120" />
		<process db-no="32" name="fepipmgr" params="1041-1050 -s 41" timeout="120" />
		<process db-no="32" name="fepipmgr" params="1051-1060 -s 41" timeout="120" />
		<process db-no="32" name="fepipmgr" params="1061-1070 -s 41" timeout="120" />
		<process db-no="32" name="fepipmgr" params="1071-1080 -s 41" timeout="120" />
		<process db-no="32" name="fepipmgr" params="1081-1085 -s 41" timeout="120" />
		<process db-no="32" name="fepipmgr" params="1088-1090 -s 41" timeout="120" />
		<process db-no="32" name="fepipmgr" params="1091-1100 -s 41" timeout="120" />
		<process db-no="32" name="fepipmgr" params="1101-1110 -s 41" timeout="120" />
		<process db-no="32" name="fepipmgr" params="1130 -s 41" timeout="120" />
		<process db-no="32" name="fepipmgr" params="1134 -s 41" timeout="120" />
		<process db-no="32" name="fepipmgr" params="1164-1170 -s 41" timeout="120" />
		<process db-no="32" name="fepipmgr" params="1171-1180 -s 41" timeout="120" />
		<process db-no="32" name="fepipmgr" params="1181-1188 -s 41" timeout="120" />
		<process db-no="32" name="fepipmgr" params="1194 -s 41" timeout="120" />
		<process db-no="32" name="fepipmgr" params="1198 -s 41" timeout="120" />
		<process db-no="32" name="fepipmgr" params="1201-1210 -s 41" timeout="120" />
		<process db-no="32" name="fepipmgr" params="1211-1220 -s 41" timeout="120" />
		<process db-no="32" name="fepipmgr" params="1221-1230 -s 41" timeout="120" />
		<process db-no="32" name="fepipmgr" params="1231-1240 -s 41" timeout="120" />
		<process db-no="32" name="fepipmgr" params="1241-1250 -s 41" timeout="120" />
		<process db-no="32" name="fepipmgr" params="1251-1260 -s 41" timeout="120" />
		<process db-no="32" name="fepipmgr" params="1261-1270 -s 41" timeout="120" />
		<process db-no="32" name="fepipmgr" params="1271-1280 -s 41" timeout="120" />
		<process db-no="32" name="fepipmgr" params="1281-1290 -s 42" timeout="120" />
		<process db-no="32" name="fepipmgr" params="1291-1300 -s 42" timeout="120" />
		<process db-no="32" name="fepipmgr" params="1301-1310 -s 42" timeout="120" />
		<process db-no="32" name="fepipmgr" params="1311-1320 -s 42" timeout="120" />
		<process db-no="32" name="fepipmgr" params="1321-1330 -s 42" timeout="120" />
		<process db-no="32" name="fepipmgr" params="1331-1340 -s 42" timeout="120" />
		<process db-no="32" name="fepipmgr" params="1341-1350 -s 42" timeout="120" />
		<process db-no="32" name="fepipmgr" params="1351-1360 -s 42" timeout="120" />
		<process db-no="32" name="fepipmgr" params="1361-1370 -s 42" timeout="120" />
		<process db-no="32" name="fepipmgr" params="1371-1380 -s 42" timeout="120" />
		<process db-no="32" name="fepipmgr" params="1381-1390 -s 42" timeout="120" />
		<process db-no="32" name="fepipmgr" params="1391-1400 -s 42" timeout="120" />
		<process db-no="32" name="fepipmgr" params="1401-1410 -s 42" timeout="120" />
		<process db-no="32" name="fepipmgr" params="1411-1420 -s 42" timeout="120" />
		<process db-no="32" name="fepipmgr" params="1421-1430 -s 42" timeout="120" />
		<process db-no="32" name="fepipmgr" params="1431-1440 -s 42" timeout="120" />
		<process db-no="32" name="fepipmgr" params="1441-1450 -s 42" timeout="120" />
		<process db-no="32" name="fepipmgr" params="1451-1460 -s 42" timeout="120" />
		<process db-no="32" name="fepipmgr" params="1461-1470 -s 42" timeout="120" />
		<process db-no="32" name="fepipmgr" params="1471-1480 -s 42" timeout="120" />
		<process db-no="32" name="fepipmgr" params="1481-1490 -s 42" timeout="120" />
		<process db-no="32" name="fepipmgr" params="1491-1500 -s 42" timeout="120" />
		<process db-no="32" name="fepipmgr" params="1501-1510 -s 42" timeout="120" />
		<process db-no="32" name="fepipmgr" params="1511-1520 -s 42" timeout="120" />
		<process db-no="32" name="fepipmgr" params="1521-1530 -s 42" timeout="120" />
		<process db-no="32" name="fepipmgr" params="1531-1540 -s 42" timeout="120" />
		<process db-no="32" name="fepipmgr" params="1541-1550 -s 42" timeout="120" />
		<process db-no="32" name="fepipmgr" params="1551-1560 -s 42" timeout="120" />
		<process db-no="32" name="fepipmgr" params="1561-1570 -s 42" timeout="120" />
		<process db-no="32" name="fepipmgr" params="1571-1580 -s 42" timeout="120" />
		<process db-no="32" name="fepipmgr" params="1581-1590 -s 42" timeout="120" />
		<process db-no="32" name="fepipmgr" params="1591-1600 -s 42" timeout="120" />
		<process db-no="32" name="fepipmgr" params="1601-1610 -s 42" timeout="120" />
		<process db-no="32" name="fepipmgr" params="1611-1620 -s 42" timeout="120" />
		<process db-no="32" name="fepipmgr" params="1621-1630 -s 42" timeout="120" />
		<process db-no="32" name="fepipmgr" params="1631-1640 -s 42" timeout="120" />
		<process db-no="32" name="fepipmgr" params="1641-1650 -s 42" timeout="120" />
		<process db-no="32" name="fepipmgr" params="1651-1660 -s 42" timeout="120" />
		<process db-no="32" name="fepipmgr" params="1661-1670 -s 42" timeout="120" />
		<process db-no="32" name="fepipmgr" params="1671-1680 -s 42" timeout="120" />
		<process db-no="32" name="fepipmgr" params="1681-1690 -s 42" timeout="120" />
		<process db-no="32" name="fepipmgr" params="1691-1700 -s 42" timeout="120" />
		<process db-no="32" name="fepipmgr" params="1701-1710 -s 42" timeout="120" />
		<process db-no="32" name="fepipmgr" params="1711-1720 -s 42" timeout="120" />
		<process db-no="32" name="fepipmgr" params="1721-1730 -s 42" timeout="120" />
		<process db-no="32" name="fepipmgr" params="1731-1740 -s 42" timeout="120" />
		<process db-no="32" name="fepipmgr" params="1741-1750 -s 42" timeout="120" />
		<process db-no="32" name="fepipmgr" params="1751-1760 -s 42" timeout="120" />
		<process db-no="32" name="fepipmgr" params="1761-1770 -s 42" timeout="120" />
		<process db-no="32" name="fepipmgr" params="1771-1780 -s 42" timeout="120" />
		<process db-no="32" name="fepipmgr" params="1781-1790 -s 42" timeout="120" />
		<process db-no="32" name="fepipmgr" params="1791-1800 -s 43" timeout="120" />
		<process db-no="32" name="fepipmgr" params="1801-1810 -s 43" timeout="120" />
		<process db-no="32" name="fepipmgr" params="1811-1820 -s 43" timeout="120" />
		<process db-no="32" name="fepipmgr" params="1821-1830 -s 43" timeout="120" />
		<process db-no="32" name="fepipmgr" params="1831-1840 -s 43" timeout="120" />
		<process db-no="32" name="fepipmgr" params="1841-1850 -s 43" timeout="120" />
		<process db-no="32" name="fepipmgr" params="1851-1860 -s 43" timeout="120" />
		<process db-no="32" name="fepipmgr" params="1861-1870 -s 43" timeout="120" />
		<process db-no="32" name="fepipmgr" params="1871-1880 -s 43" timeout="120" />
		<process db-no="32" name="fepipmgr" params="1881-1890 -s 43" timeout="120" />
		<process db-no="32" name="fepipmgr" params="1891-1900 -s 43" timeout="120" />
		<process db-no="32" name="fepipmgr" params="1901-1910 -s 43" timeout="120" />
		<process db-no="32" name="fepipmgr" params="1911-1920 -s 43" timeout="120" />
		<process db-no="32" name="fepipmgr" params="1921-1930 -s 43" timeout="120" />
		<process db-no="32" name="fepipmgr" params="1931-1940 -s 43" timeout="120" />
		<process db-no="32" name="fepipmgr" params="1941-1950 -s 43" timeout="120" />
		<process db-no="32" name="fepipmgr" params="1951-1960 -s 43" timeout="120" />
		<process db-no="32" name="fepipmgr" params="1961-1970 -s 43" timeout="120" />
		<process db-no="32" name="fepipmgr" params="1971-1980 -s 43" timeout="120" />
		<process db-no="32" name="fepipmgr" params="1981-1990 -s 43" timeout="120" />
		<process db-no="32" name="fepipmgr" params="1991-2000 -s 43" timeout="120" />
		<process db-no="32" name="fepipmgr" params="2001-2010 -s 43" timeout="120" />
		<process db-no="32" name="fepipmgr" params="2011-2020 -s 43" timeout="120" />
		<process db-no="32" name="fepipmgr" params="2021-2030 -s 43" timeout="120" />
		<process db-no="32" name="fepipmgr" params="2031-2040 -s 43" timeout="120" />
		<process db-no="32" name="fepipmgr" params="2041-2050 -s 43" timeout="120" />
		<process db-no="32" name="fepipmgr" params="2051-2060 -s 43" timeout="120" />
		<process db-no="32" name="fepipmgr" params="2061-2070 -s 43" timeout="120" />
		<process db-no="32" name="fepipmgr" params="2071-2080 -s 43" timeout="120" />
		<process db-no="32" name="fepipmgr" params="2081-2090 -s 43" timeout="120" />
		<process db-no="32" name="fepipmgr" params="2091-2100 -s 43" timeout="120" />
		<process db-no="32" name="fepipmgr" params="2101-2110 -s 43" timeout="120" />
		<process db-no="32" name="fepipmgr" params="2111-2120 -s 43" timeout="120" />
		<process db-no="32" name="fepipmgr" params="2121-2130 -s 43" timeout="120" />
		<process db-no="32" name="fepipmgr" params="2131-2140 -s 43" timeout="120" />
		<process db-no="32" name="fepipmgr" params="2141-2150 -s 43" timeout="120" />
		<process db-no="32" name="fepipmgr" params="2151-2160 -s 43" timeout="120" />
		<process db-no="32" name="fepipmgr" params="2161-2170 -s 43" timeout="120" />
		<process db-no="32" name="fepipmgr" params="2171-2180 -s 43" timeout="120" />
		<process db-no="32" name="fepipmgr" params="2181-2190 -s 43" timeout="120" />
		<process db-no="32" name="fepipmgr" params="2191-2200 -s 43" timeout="120" />
		<process db-no="32" name="fepipmgr" params="2201-2210 -s 43" timeout="120" />
		<process db-no="32" name="fepipmgr" params="2211-2220 -s 43" timeout="120" />
		<process db-no="32" name="fepipmgr" params="2221-2230 -s 43" timeout="120" />
		<process db-no="32" name="fepipmgr" params="2231-2240 -s 43" timeout="120" />
		<process db-no="32" name="fepipmgr" params="2241-2250 -s 43" timeout="120" />
		<process db-no="32" name="fepipmgr" params="2251-2260 -s 43" timeout="120" />
		<process db-no="32" name="fepipmgr" params="2261-2270 -s 43" timeout="120" />
		<process db-no="32" name="fepipmgr" params="2271-2280 -s 43" timeout="120" />
		<process db-no="32" name="fepipmgr" params="2281-2290 -s 43" timeout="120" />
		<process db-no="32" name="fepipmgr" params="2291-2300 -s 43" timeout="120" />
		<process db-no="32" name="fepipmgr" params="2301-2310 -s 44" timeout="120" />
		<process db-no="32" name="fepipmgr" params="2311-2321 -s 44" timeout="120" />
		<process db-no="32" name="fepipmgr" params="2330-2331 -s 44" timeout="120" />
		<process db-no="32" name="fepipmgr" params="2344 -s 44" timeout="120" />
		<process db-no="32" name="fepipmgr" params="2348 -s 44" timeout="120" />
		<process db-no="32" name="fepipmgr" params="2381-2387 -s 44" timeout="120" />
		<process db-no="32" name="fepipmgr" params="2396-2401 -s 44" timeout="120" />
		<process db-no="32" name="fepipmgr" params="2420 -s 44" timeout="120" />
		<process db-no="32" name="fepipmgr" params="2421-2430 -s 44" timeout="120" />
		<process db-no="32" name="fepipmgr" params="2431-2440 -s 44" timeout="120" />
		<process db-no="32" name="fepipmgr" params="2441-2450 -s 44" timeout="120" />
		<process db-no="32" name="fepipmgr" params="2451-2460 -s 44" timeout="120" />
		<process db-no="32" name="fepipmgr" params="2461-2470 -s 44" timeout="120" />
		<process db-no="32" name="fepipmgr" params="2471-2480 -s 44" timeout="120" />
		<process db-no="32" name="fepipmgr" params="2481-2490 -s 44" timeout="120" />
		<process db-no="32" name="fepipmgr" params="2491-2500 -s 44" timeout="120" />
		<process db-no="32" name="fepipmgr" params="2501-2510 -s 44" timeout="120" />
		<process db-no="32" name="fepipmgr" params="2511-2520 -s 44" timeout="120" />
		<process db-no="32" name="fepipmgr" params="2521-2530 -s 44" timeout="120" />
		<process db-no="32" name="fepipmgr" params="2531-2540 -s 44" timeout="120" />
		<process db-no="32" name="fepipmgr" params="2541-2550 -s 44" timeout="120" />
		<process db-no="32" name="fepipmgr" params="2551-2560 -s 44" timeout="120" />
		<process db-no="32" name="fepipmgr" params="2561-2570 -s 44" timeout="120" />
		<process db-no="32" name="fepipmgr" params="2571-2580 -s 44" timeout="120" />
		<process db-no="32" name="fepipmgr" params="2581-2590 -s 44" timeout="120" />
		<process db-no="32" name="fepipmgr" params="2591-2600 -s 44" timeout="120" />
		<process db-no="32" name="fepipmgr" params="2601-2610 -s 44" timeout="120" />
		<process db-no="32" name="fepipmgr" params="2611-2620 -s 44" timeout="120" />
		<process db-no="32" name="fepipmgr" params="2621-2624 -s 44" timeout="120" />
		<process db-no="32" name="fepipmgr" params="2630 -s 44" timeout="120" />
		<process db-no="32" name="fepipmgr" params="2636-2640 -s 44" timeout="120" />
		<process db-no="32" name="fepipmgr" params="2641-2650 -s 44" timeout="120" />
		<process db-no="32" name="fepipmgr" params="2651-2660 -s 44" timeout="120" />
		<process db-no="32" name="fepipmgr" params="2661-2670 -s 44" timeout="120" />
		<process db-no="32" name="fepipmgr" params="2671-2680 -s 44" timeout="120" />
		<process db-no="32" name="fepipmgr" params="2681-2690 -s 44" timeout="120" />
		<process db-no="32" name="fepipmgr" params="2691-2692 -s 44" timeout="120" />
		<process db-no="32" name="fepipmgr" params="2699 -s 44" timeout="120" />
		<process db-no="32" name="fepipmgr" params="2703-2710 -s 44" timeout="120" />
		<process db-no="32" name="fepipmgr" params="2711-2720 -s 44" timeout="120" />
		<process db-no="32" name="fepipmgr" params="2721-2730 -s 44" timeout="120" />
		<process db-no="32" name="fepipmgr" params="2731-2740 -s 44" timeout="120" />
		<process db-no="32" name="fepipmgr" params="2741-2750 -s 44" timeout="120" />
		<process db-no="32" name="fepipmgr" params="2751-2760 -s 44" timeout="120" />
		<process db-no="32" name="fepipmgr" params="2761-2770 -s 44" timeout="120" />
		<process db-no="32" name="fepipmgr" params="2771-2780 -s 44" timeout="120" />
		<process db-no="32" name="fepipmgr" params="2781-2790 -s 44" timeout="120" />
		<process db-no="32" name="fepipmgr" params="2791-2800 -s 44" timeout="120" />
		<process db-no="32" name="fepipmgr" params="2801-2810 -s 44" timeout="120" />
		<process db-no="32" name="fepipmgr" params="2811-2820 -s 44" timeout="120" />
		<process db-no="32" name="fepipmgr" params="2821-2830 -s 44" timeout="120" />
		<process db-no="32" name="fepipmgr" params="2831-2840 -s 45" timeout="120" />
		<process db-no="32" name="fepipmgr" params="2841-2850 -s 45" timeout="120" />
		<process db-no="32" name="fepipmgr" params="2851-2860 -s 45" timeout="120" />
		<process db-no="32" name="fepipmgr" params="2861-2870 -s 45" timeout="120" />
		<process db-no="32" name="fepipmgr" params="2871-2880 -s 45" timeout="120" />
		<process db-no="32" name="fepipmgr" params="2881-2890 -s 45" timeout="120" />
		<process db-no="32" name="fepipmgr" params="2891-2900 -s 45" timeout="120" />
		<process db-no="32" name="fepipmgr" params="2901-2910 -s 45" timeout="120" />
		<process db-no="32" name="fepipmgr" params="2911-2920 -s 45" timeout="120" />
		<process db-no="32" name="fepipmgr" params="2921-2930 -s 45" timeout="120" />
		<process db-no="32" name="fepipmgr" params="2931-2940 -s 45" timeout="120" />
		<process db-no="32" name="fepipmgr" params="2941-2950 -s 45" timeout="120" />
		<process db-no="32" name="fepipmgr" params="2951-2960 -s 45" timeout="120" />
		<process db-no="32" name="fepipmgr" params="2961-2970 -s 45" timeout="120" />
		<process db-no="32" name="fepipmgr" params="2971-2980 -s 45" timeout="120" />
		<process db-no="32" name="fepipmgr" params="2981-2990 -s 45" timeout="120" />
		<process db-no="32" name="fepipmgr" params="2991-3000 -s 45" timeout="120" />
		<process db-no="32" name="fepipmgr" params="3001-3010 -s 45" timeout="120" />
		<process db-no="32" name="fepipmgr" params="3011-3020 -s 45" timeout="120" />
		<process db-no="32" name="fepipmgr" params="3021-3030 -s 45" timeout="120" />
		<process db-no="32" name="fepipmgr" params="3031-3040 -s 45" timeout="120" />
		<process db-no="32" name="fepipmgr" params="3041-3050 -s 45" timeout="120" />
		<process db-no="32" name="fepipmgr" params="3051-3060 -s 45" timeout="120" />
		<process db-no="32" name="fepipmgr" params="3061-3070 -s 45" timeout="120" />
		<process db-no="32" name="fepipmgr" params="3071 -s 45" timeout="120" />
		<process db-no="32" name="fepipmgr" params="3102-3110 -s 45" timeout="120" />
		<process db-no="32" name="fepipmgr" params="3111-3118 -s 45" timeout="120" />
		<process db-no="32" name="fepipmgr" params="3137-3140 -s 45" timeout="120" />
		<process db-no="32" name="fepipmgr" params="3141-3150 -s 45" timeout="120" />
		<process db-no="32" name="fepipmgr" params="3151-3160 -s 45" timeout="120" />
		<process db-no="32" name="fepipmgr" params="3161-3170 -s 45" timeout="120" />
		<process db-no="32" name="fepipmgr" params="3171-3180 -s 45" timeout="120" />
		<process db-no="32" name="fepipmgr" params="3181-3190 -s 45" timeout="120" />
		<process db-no="32" name="fepipmgr" params="3191-3200 -s 45" timeout="120" />
		<process db-no="32" name="fepipmgr" params="3201-3210 -s 45" timeout="120" />
		<process db-no="32" name="fepipmgr" params="3211-3220 -s 45" timeout="120" />
		<process db-no="32" name="fepipmgr" params="3221-3230 -s 45" timeout="120" />
		<process db-no="32" name="fepipmgr" params="3231-3240 -s 45" timeout="120" />
		<process db-no="32" name="fepipmgr" params="3241-3250 -s 45" timeout="120" />
		<process db-no="32" name="fepipmgr" params="3251-3260 -s 45" timeout="120" />
		<process db-no="32" name="fepipmgr" params="3261-3270 -s 45" timeout="120" />
		<process db-no="32" name="fepipmgr" params="3271-3280 -s 45" timeout="120" />
		<process db-no="32" name="fepipmgr" params="3281-3290 -s 45" timeout="120" />
		<process db-no="32" name="fepipmgr" params="3291-3300 -s 45" timeout="120" />
		<process db-no="32" name="fepipmgr" params="3301-3310 -s 45" timeout="120" />
		<process db-no="32" name="fepipmgr" params="3311-3320 -s 45" timeout="120" />
		<process db-no="32" name="fepipmgr" params="3321-3330 -s 45" timeout="120" />
		<process db-no="32" name="fepipmgr" params="3331-3340 -s 45" timeout="120" />
		<process db-no="32" name="fepipmgr" params="3341-3350 -s 45" timeout="120" />
		<process db-no="32" name="fepipmgr" params="3351-3360 -s 45" timeout="120" />
		<process db-no="32" name="fepipmgr" params="3361-3370 -s 45" timeout="120" />
		<process db-no="32" name="fepipmgr" params="3371-3380 -s 46" timeout="120" />
		<process db-no="32" name="fepipmgr" params="3381-3390 -s 46" timeout="120" />
		<process db-no="32" name="fepipmgr" params="3391-3400 -s 46" timeout="120" />
		<process db-no="32" name="fepipmgr" params="3401-3410 -s 46" timeout="120" />
		<process db-no="32" name="fepipmgr" params="3411-3420 -s 46" timeout="120" />
		<process db-no="32" name="fepipmgr" params="3421-3430 -s 46" timeout="120" />
		<process db-no="32" name="fepipmgr" params="3431-3439 -s 46" timeout="120" />
		<process db-no="32" name="fepipmgr" params="3440-3450 -s 46" timeout="120" />
		<process db-no="32" name="fepipmgr" params="3451-3460 -s 46" timeout="120" />
		<process db-no="32" name="fepipmgr" params="3461-3470 -s 46" timeout="120" />
		<process db-no="32" name="fepipmgr" params="3471-3480 -s 46" timeout="120" />
		<process db-no="32" name="fepipmgr" params="3481-3490 -s 46" timeout="120" />
		<process db-no="32" name="fepipmgr" params="3491-3500 -s 46" timeout="120" />
		<process db-no="32" name="fepipmgr" params="3501-3510 -s 46" timeout="120" />
		<process db-no="32" name="fepipmgr" params="3511-3520 -s 46" timeout="120" />
		<process db-no="32" name="fepipmgr" params="3521-3530 -s 46" timeout="120" />
		<process db-no="32" name="fepipmgr" params="3531-3540 -s 46" timeout="120" />
		<process db-no="32" name="fepipmgr" params="3541-3550 -s 46" timeout="120" />
		<process db-no="32" name="fepipmgr" params="3551-3560 -s 46" timeout="120" />
		<process db-no="32" name="fepipmgr" params="3561-3570 -s 46" timeout="120" />
		<process db-no="32" name="fepipmgr" params="3571-3580 -s 46" timeout="120" />
		<process db-no="32" name="fepipmgr" params="3581-3590 -s 46" timeout="120" />
		<process db-no="32" name="fepipmgr" params="3591-3600 -s 46" timeout="120" />
		<process db-no="32" name="fepipmgr" params="3601-3610 -s 46" timeout="120" />
		<process db-no="32" name="fepipmgr" params="3611-3620 -s 46" timeout="120" />
		<process db-no="32" name="fepipmgr" params="3621-3630 -s 46" timeout="120" />
		<process db-no="32" name="fepipmgr" params="3631-3640 -s 46" timeout="120" />
		<process db-no="32" name="fepipmgr" params="3641-3650 -s 46" timeout="120" />
		<process db-no="32" name="fepipmgr" params="3651-3660 -s 46" timeout="120" />
		<process db-no="32" name="fepipmgr" params="3661-3670 -s 46" timeout="120" />
		<process db-no="32" name="fepipmgr" params="3671-3680 -s 46" timeout="120" />
		<process db-no="32" name="fepipmgr" params="3681-3690 -s 46" timeout="120" />
		<process db-no="32" name="fepipmgr" params="3691-3700 -s 46" timeout="120" />
		<process db-no="32" name="fepipmgr" params="3701-3710 -s 46" timeout="120" />
		<process db-no="32" name="fepipmgr" params="3711-3720 -s 46" timeout="120" />
		<process db-no="32" name="fepipmgr" params="3721-3730 -s 46" timeout="120" />
		<process db-no="32" name="fepipmgr" params="3731-3739 -s 46" timeout="120" />
		<process db-no="32" name="fepipmgr" params="3740-3750 -s 46" timeout="120" />
		<process db-no="32" name="fepipmgr" params="3751-3760 -s 46" timeout="120" />
		<process db-no="32" name="fepipmgr" params="3761-3770 -s 46" timeout="120" />
		<process db-no="32" name="fepipmgr" params="3771-3780 -s 46" timeout="120" />
		<process db-no="32" name="fepipmgr" params="3781-3790 -s 46" timeout="120" />
		<process db-no="32" name="fepipmgr" params="3791-3800 -s 46" timeout="120" />
		<process db-no="32" name="fepipmgr" params="3801-3810 -s 46" timeout="120" />
		<process db-no="32" name="fepipmgr" params="3811-3820 -s 46" timeout="120" />
		<process db-no="32" name="fepipmgr" params="3821-3830 -s 46" timeout="120" />
		<process db-no="32" name="fepipmgr" params="3831-3840 -s 46" timeout="120" />
		<process db-no="32" name="fepipmgr" params="3841-3850 -s 46" timeout="120" />
		<process db-no="32" name="fepipmgr" params="3851-3860 -s 46" timeout="120" />
		<process db-no="32" name="fepipmgr" params="3861-3870 -s 46" timeout="120" />
		<process db-no="32" name="fepipmgr" params="3871-3880 -s 46" timeout="120" />
		<process db-no="32" name="fepipmgr" params="3881-3890 -s 44" timeout="120" />
		<process db-no="32" name="fepipmgr" params="3891-3900 -s 44" timeout="120" />
		<process db-no="32" name="fepipmgr" params="3901-3910 -s 44" timeout="120" />
		<process db-no="32" name="fepipmgr" params="3911-3920 -s 44" timeout="120" />
		<process db-no="32" name="fepipmgr" params="3921-3930 -s 44" timeout="120" />
		<process db-no="32" name="fepipmgr" params="3931-3940 -s 44" timeout="120" />
		<process db-no="32" name="fepipmgr" params="3941-3950 -s 44" timeout="120" />
		<process db-no="32" name="fepipmgr" params="3951-3960 -s 44" timeout="120" />
		<process db-no="32" name="fepipmgr" params="3961-3970 -s 44" timeout="120" />
		<process db-no="32" name="fepipmgr" params="3971-3980 -s 44" timeout="120" />
		<process db-no="32" name="fepipmgr" params="3981-3990 -s 44" timeout="120" />
		<process db-no="32" name="fepipmgr" params="3991-4000 -s 44" timeout="120" />
		<process db-no="32" name="fepipmgr" params="4001-4010 -s 44" timeout="120" />
		<process db-no="32" name="fepipmgr" params="4011-4020 -s 44" timeout="120" />
		<process db-no="32" name="fepipmgr" params="4021-4031 -s 44" timeout="120" />
		<process db-no="32" name="fepipmgr" params="4032 -s 43" timeout="120" />
		<process db-no="32" name="fepipmgr" params="4036 -s 43" timeout="120" />
		<process db-no="32" name="fepipmgr" params="4040 -s 43" timeout="120" />
		<process db-no="32" name="fepipmgr" params="4045 -s 43" timeout="120" />
		<process db-no="32" name="fepipmgr" params="4049 -s 43" timeout="120" />
		<process db-no="32" name="fepipmgr" params="4053 -s 43" timeout="120" />
		<process db-no="32" name="fepipmgr" params="4057 -s 43" timeout="120" />
		<process db-no="32" name="fepipmgr" params="4061 -s 43" timeout="120" />
		<process db-no="32" name="fepipmgr" params="4065 -s 43" timeout="120" />
		<process db-no="32" name="fepipmgr" params="4101-4110 -s 43" timeout="120" />
		<process db-no="32" name="fepipmgr" params="4111-4120 -s 43" timeout="120" />
		<process db-no="32" name="fepipmgr" params="4121-4130 -s 43" timeout="120" />
		<process db-no="32" name="fepipmgr" params="4131-4140 -s 43" timeout="120" />
		<process db-no="32" name="fepipmgr" params="4141 -s 43" timeout="120" />
		<process db-no="32" name="fepipmgr" params="4144-4150 -s 43" timeout="120" />
		<process db-no="32" name="fepipmgr" params="4151-4160 -s 43" timeout="120" />
		<process db-no="32" name="fepipmgr" params="4161-4170 -s 43" timeout="120" />
		<process db-no="32" name="fepipmgr" params="4171-4180 -s 43" timeout="120" />
		<process db-no="32" name="fepipmgr" params="4181 -s 42" timeout="120" />
		<process db-no="32" name="fepipmgr" params="4184-4190 -s 42" timeout="120" />
		<process db-no="32" name="fepipmgr" params="4191-4200 -s 42" timeout="120" />
		<process db-no="32" name="fepipmgr" params="4201-4210 -s 42" timeout="120" />
		<process db-no="32" name="fepipmgr" params="4211-4220 -s 42" timeout="120" />
		<process db-no="32" name="fepipmgr" params="4221-4230 -s 42" timeout="120" />
		<process db-no="32" name="fepipmgr" params="4231-4240 -s 42" timeout="120" />
		<process db-no="32" name="fepipmgr" params="4241-4250 -s 42" timeout="120" />
		<process db-no="32" name="fepipmgr" params="4251-4260 -s 42" timeout="120" />
		<process db-no="32" name="fepipmgr" params="4261-4269 -s 42" timeout="120" />
		<process db-no="32" name="fepipmgr" params="4273-4280 -s 42" timeout="120" />
		<process db-no="32" name="fepipmgr" params="4281-4290 -s 42" timeout="120" />
		<process db-no="32" name="fepipmgr" params="4291-4300 -s 42" timeout="120" />
		<process db-no="32" name="fepipmgr" params="4301-4303 -s 42" timeout="120" />
		<process db-no="32" name="fepipmgr" params="4306-4310 -s 42" timeout="120" />
		<process db-no="32" name="fepipmgr" params="4311-4320 -s 42" timeout="120" />
		<process db-no="32" name="fepipmgr" params="4321-4327 -s 42" timeout="120" />
		<process db-no="32" name="fepipmgr" params="4331-4340 -s 42" timeout="120" />
		<process db-no="32" name="fepipmgr" params="4341-4350 -s 46" timeout="120" />
		<process db-no="32" name="fepipmgr" params="4351-4360 -s 46" timeout="120" />
		<process db-no="32" name="fepipmgr" params="4361-4367 -s 46" timeout="120" />
		<process db-no="32" name="fepipmgr" params="4372-4380 -s 46" timeout="120" />
		<process db-no="32" name="fepipmgr" params="4381-4390 -s 46" timeout="120" />
		<process db-no="32" name="fepipmgr" params="4391-4400 -s 46" timeout="120" />
		<process db-no="32" name="fepipmgr" params="4401-4410 -s 46" timeout="120" />
		<process db-no="32" name="fepipmgr" params="4411-4417 -s 46" timeout="120" />
		<process db-no="32" name="fepipmgr" params="4420-4430 -s 45" timeout="120" />
		<process db-no="32" name="fepipmgr" params="4431-4440 -s 45" timeout="120" />
		<process db-no="32" name="fepipmgr" params="4441-4450 -s 45" timeout="120" />
		<process db-no="32" name="fepipmgr" params="4451-4460 -s 45" timeout="120" />
		<process db-no="32" name="fepipmgr" params="4461-4470 -s 45" timeout="120" />
		<process db-no="32" name="fepipmgr" params="4471-4480 -s 45" timeout="120" />
		<process db-no="32" name="fepipmgr" params="4481-4490 -s 45" timeout="120" />
		<process db-no="32" name="fepipmgr" params="4491-4500 -s 44" timeout="120" />
		<process db-no="32" name="fepipmgr" params="4501-4504 -s 44" timeout="120" />
		<process db-no="32" name="fepipmgr" params="4509-4510 -s 40" timeout="120" />
		<process db-no="32" name="fepipmgr" params="4511-4520 -s 41" timeout="120" />
		<process db-no="32" name="fepipmgr" params="4521-4530 -s 42" timeout="120" />
		<process db-no="32" name="fepipmgr" params="4531-4540 -s 43" timeout="120" />
		<process db-no="32" name="fepipmgr" params="4541-4550 -s 44" timeout="120" />
		<process db-no="32" name="fepipmgr" params="4551-4560 -s 45" timeout="120" />
		<process db-no="32" name="fepipmgr" params="4561-4570 -s 46" timeout="120" />
		<process db-no="32" name="fepipmgr" params="4571-4580 -s 40" timeout="120" />
		<process db-no="32" name="fepipmgr" params="4581-4590 -s 41" timeout="120" />
		<process db-no="32" name="fepipmgr" params="4591-4600 -s 42" timeout="120" />
		<process db-no="32" name="fepipmgr" params="4601-4610 -s 43" timeout="120" />
		<process db-no="32" name="fepipmgr" params="4611-4620 -s 44" timeout="120" />
		<process db-no="32" name="fepipmgr" params="4621-4630 -s 45" timeout="120" />
		<process db-no="32" name="fepipmgr" params="4631-4640 -s 46" timeout="120" />
		<process db-no="32" name="fepipmgr" params="4641-4650 -s 40" timeout="120" />
		<process db-no="32" name="fepipmgr" params="4651-4660 -s 41" timeout="120" />
		<process db-no="32" name="fepipmgr" params="4661-4670 -s 42" timeout="120" />
		<process db-no="32" name="fepipmgr" params="4671-4680 -s 43" timeout="120" />
		<process db-no="32" name="fepipmgr" params="4681-4690 -s 44" timeout="120" />
		<process db-no="32" name="fepipmgr" params="4691-4700 -s 45" timeout="120" />
		<process db-no="32" name="fepipmgr" params="4701-4710 -s 46" timeout="120" />
		<process db-no="32" name="fepipmgr" params="4711-4720 -s 40" timeout="120" />
		<process db-no="32" name="fepipmgr" params="4721-4730 -s 41" timeout="120" />
		<process db-no="32" name="fepipmgr" params="4731-4740 -s 42" timeout="120" />
		<process db-no="32" name="fepipmgr" params="4741-4750 -s 43" timeout="120" />
		<process db-no="32" name="fepipmgr" params="4751-4760 -s 44" timeout="120" />
		<process db-no="32" name="fepipmgr" params="4761-4770 -s 45" timeout="120" />
		<process db-no="32" name="fepipmgr" params="4771-4780 -s 46" timeout="120" />
		<process db-no="32" name="fepipmgr" params="4781-4790 -s 40" timeout="120" />
		<process db-no="32" name="fepipmgr" params="4791-4800 -s 41" timeout="120" />
		<process db-no="32" name="fepipmgr" params="4801-4810 -s 42" timeout="120" />
		<process db-no="32" name="fepipmgr" params="4811-4820 -s 43" timeout="120" />
		<process db-no="32" name="fepipmgr" params="4821-4830 -s 44" timeout="120" />
		<process db-no="32" name="fepipmgr" params="4831-4840 -s 45" timeout="120" />
		<process db-no="32" name="fepipmgr" params="4841-4850 -s 46" timeout="120" />
		<process db-no="32" name="fepipmgr" params="4851-4860 -s 40" timeout="120" />
		<process db-no="32" name="fepipmgr" params="4861-4870 -s 41" timeout="120" />
		<process db-no="32" name="fepipmgr" params="4871-4880 -s 42" timeout="120" />
		<process db-no="32" name="fepipmgr" params="4881-4890 -s 43" timeout="120" />
		<process db-no="32" name="fepipmgr" params="4891-4900 -s 44" timeout="120" />
		<process db-no="32" name="fepipmgr" params="4901-4908 -s 45" timeout="120" />
		<process db-no="32" name="fepipmgr" params="4917-4920 -s 46" timeout="120" />
		<process db-no="32" name="fepipmgr" params="4851-4860 -s 40" timeout="120" />
		<process db-no="32" name="fepipmgr" params="4861-4870 -s 41" timeout="120" />
		<process db-no="32" name="fepipmgr" params="4871-4880 -s 42" timeout="120" />
		<process db-no="32" name="fepipmgr" params="4881-4890 -s 43" timeout="120" />
		<process db-no="32" name="fepipmgr" params="4891-4900 -s 44" timeout="120" />
		<process db-no="32" name="fepipmgr" params="4901-4908 -s 45" timeout="120" />
		<process db-no="32" name="fepipmgr" params="4917-4920 -s 46" timeout="120" />
		<process db-no="32" name="fepipmgr" params="4921-4930 -s 40" timeout="120" />
		<process db-no="32" name="fepipmgr" params="4931-4940 -s 41" timeout="120" />
		<process db-no="32" name="fepipmgr" params="4941-4950 -s 42" timeout="120" />
		<process db-no="32" name="fepipmgr" params="4951-4960 -s 43" timeout="120" />
		<process db-no="32" name="fepipmgr" params="4961-4970 -s 44" timeout="120" />
		<process db-no="32" name="fepipmgr" params="4971-4980 -s 45" timeout="120" />
		<process db-no="32" name="fepipmgr" params="4981-4990 -s 46" timeout="120" />
		<process db-no="32" name="fepipmgr" params="4991-5000 -s 40" timeout="120" />
		<process db-no="32" name="fepipmgr" params="5001-5010 -s 41" timeout="120" />
		<process db-no="32" name="fepipmgr" params="5011-5020 -s 42" timeout="120" />
		<process db-no="32" name="fepipmgr" params="5021-5030 -s 43" timeout="120" />
		<process db-no="32" name="fepipmgr" params="5031-5040 -s 44" timeout="120" />
		<process db-no="32" name="fepipmgr" params="5041-5050 -s 45" timeout="120" />
		<process db-no="32" name="fepipmgr" params="5051-5060 -s 46" timeout="120" />
		<process db-no="32" name="fepipmgr" params="5061-5070 -s 40" timeout="120" />
		<process db-no="32" name="fepipmgr" params="5071-5080 -s 41" timeout="120" />
		<process db-no="32" name="fepipmgr" params="5081-5090 -s 42" timeout="120" />
		<process db-no="32" name="fepipmgr" params="5091-5100 -s 43" timeout="120" />
		<process db-no="32" name="fepipmgr" params="5101-5110 -s 44" timeout="120" />
		<process db-no="32" name="fepipmgr" params="5111-5120 -s 45" timeout="120" />
		<process db-no="32" name="fepipmgr" params="5121-5130 -s 46" timeout="120" />
		<process db-no="32" name="fepipmgr" params="5061-5070 -s 40" timeout="120" />
		<process db-no="32" name="fepipmgr" params="5071-5080 -s 41" timeout="120" />
		<process db-no="32" name="fepipmgr" params="5081-5090 -s 42" timeout="120" />
		<process db-no="32" name="fepipmgr" params="5091-5100 -s 43" timeout="120" />
		<process db-no="32" name="fepipmgr" params="5101-5110 -s 44" timeout="120" />
		<process db-no="32" name="fepipmgr" params="5111-5120 -s 45" timeout="120" />
		<process db-no="32" name="fepipmgr" params="5121-5130 -s 46" timeout="120" />
		<process db-no="32" name="fepipmgr" params="5131-5140 -s 40" timeout="120" />
		<process db-no="32" name="fepipmgr" params="5141-5150 -s 41" timeout="120" />
		<process db-no="32" name="fepipmgr" params="5151-5160 -s 42" timeout="120" />
		<process db-no="32" name="fepipmgr" params="5161-5170 -s 43" timeout="120" />
		<process db-no="32" name="fepipmgr" params="5171-5180 -s 44" timeout="120" />
		<process db-no="32" name="fepipmgr" params="5181-5190 -s 45" timeout="120" />
		<process db-no="32" name="fepipmgr" params="5191-5200 -s 46" timeout="120" />
		<process db-no="32" name="fepipmgr" params="5201-5210 -s 40" timeout="120" />
		<process db-no="32" name="fepipmgr" params="5211-5214 -s 41" timeout="120" />
		<process db-no="32" name="openfep" params="503 -s 47" />
		<process db-no="32" name="openfep" params="1086 -s 44" />
		<process db-no="32" name="openfep" params="1087 -s 45" />
		<process db-no="32" name="openfep" params="1111 -s 46" />
		<process db-no="32" name="openfep" params="1138 -s 47" />
		<process db-no="32" name="openfep" params="1146 -s 44" />
		<process db-no="32" name="openfep" params="1190 -s 45" />
		<process db-no="32" name="openfep" params="2322 -s 46" />
		<process db-no="32" name="openfep" params="2332 -s 47" />
		<process db-no="32" name="openfep" params="2352 -s 44" />
		<process db-no="32" name="openfep" params="2357 -s 45" />
		<process db-no="32" name="openfep" params="2367 -s 46" />
		<process db-no="32" name="openfep" params="2388 -s 47" />
		<process db-no="32" name="openfep" params="2402 -s 44" />
		<process db-no="32" name="openfep" params="2412 -s 45" />
		<process db-no="32" name="openfep" params="2693 -s 46" />
		<process db-no="32" name="openfep" params="3072 -s 47" />
		<process db-no="32" name="openfep" params="3080 -s 44" />
		<process db-no="32" name="openfep" params="3119 -s 45" />
		<process db-no="32" name="openfep" params="4069 -s 46" />
		<process db-no="32" name="openfep" params="4142 -s 47" />
		<process db-no="32" name="openfep" params="4143 -s 44" />
		<process db-no="32" name="openfep" params="4182 -s 45" />
		<process db-no="32" name="openfep" params="4183 -s 46" />
		<process db-no="32" name="openfep" params="4270 -s 47" />
		<process db-no="32" name="openfep" params="4271 -s 44" />
		<process db-no="32" name="openfep" params="4304 -s 45" />
		<process db-no="32" name="openfep" params="4305 -s 46" />
		<process db-no="32" name="openfep" params="4328 -s 47" />
		<process db-no="32" name="openfep" params="4329 -s 44" />
		<process db-no="32" name="openfep" params="4330 -s 45" />
		<process db-no="32" name="openfep" params="4368 -s 46" />
		<process db-no="32" name="openfep" params="4369 -s 47" />
		<process db-no="32" name="openfep" params="4370 -s 44" />
		<process db-no="32" name="openfep" params="4371 -s 45" />
		<process db-no="32" name="openfep" params="4418 -s 46" />
		<process db-no="32" name="openfep" params="4419 -s 47" />
		
		
		<process name="osi_lpmd" no-active-start="true" restart="false" start-class="4" stop-class="0" />
		
		<process name="osii_scheduler" params="-i 32 --domain CC" start-class="4" stop-class="1" timeout="90" />
		
		<process active-start-only="true" delay-pre="5" name="monarch_dbms_starter" params="--domain CC" start-class="4" stop-class="1" />
		<process name="osii_dbms_adaptor" no-active-start="true" params="--set 321 --domain CC" start-class="4" stop-class="1" timeout="90" />
		<process name="osii_query_adaptor" no-active-start="true" params="--set 321 --domain CC" start-class="4" stop-class="1" timeout="90" />
		<process name="osii_update_adaptor" no-active-start="true" params="--set 321 --domain CC" start-class="4" stop-class="1" timeout="90" />
		
		<process name="osii_fep_adaptor" params="-i 32 --domain CC" start-class="4" stop-class="1" timeout="90" />
		<process name="osii_soe_adaptor" params="-i 32 --domain CC" start-class="4" stop-class="1" timeout="90" />
		
		<process name="osii_file_adaptor" params="-i 32 --domain CC --nodefaultcopy" start-class="4" startup-params="-i 32 --domain CC --cleartemp" stop-class="1" timeout="90" />
		<process name="osii_vault_daemon" params="-i 32 --domain CC" start-class="4" stop-class="1" timeout="90" />
		
		
		
		<process name="objservermon" params="-h 32" start-class="5" startup-params="-h 32 -f" stop-class="3" timeout="120" />
		
		
		<process active-start-only="true" delay-pre="5" name="osi_purgesched" params="MYNODE" start-class="6" stop-class="2" />
		
		
		<process name="osi_maild" params="-H 32 -n" start-class="7" stop-class="2" />
	</default-processes>
	<site-mode-specific-processes default="true" name="Primary Control">
		
	</site-mode-specific-processes>
	<custom-shutdown-processes>
		
		
		<process name="site_manager" stop-class="0" />
		
		
		<process name="osi_calc" stop-class="2" />
		
		<process name="osipython" stop-class="2" />
		
		
		<process name="openfep" />
	</custom-shutdown-processes>
</node>